iv,B_D,W_D,theta_D,dfcom,T_D,gamma_D,nu,nu2,nu_improved,L,U,sqrt_T_D,RR,lci,uci,model,outcome
Contrast 1,4.894896253162664e-7,0.006353409871350221,0.7349382584802501,99993,0.006353948309938069,8.474078818137903e-5,12552195.738011569,1253307132.5846822,99969.89530422042,0.5787062808681416,0.8911702360923586,0.07971165730266853,"2.09 	 (1.78, 2.44)",1.7837292926721011,2.437980995945202,P2,Diabetes
Contrast 2,2.6679600392775597e-6,0.005329455659712306,0.7253204486874685,99993,0.005332390415755511,5.503640608410909e-4,300077.9730523003,29712717.689834777,99600.96998758662,0.5821975648887658,0.8684433324861711,0.07302321833331855,"2.07 	 (1.79, 2.38)",1.7899676819063748,2.383198117437746,P2,Diabetes
Contrast 3,2.692721022997555e-6,0.011273790513187753,-0.009617809792781627,99993,0.01127675250631305,2.626636634650891e-4,1310670.1619960065,130449528.87885354,99888.19077062377,-0.21775041461006492,0.19851479502450164,0.10619205481726517,"0.99 	 (0.80, 1.22)",0.8043261646761981,1.2195900711457566,P2,Diabetes
Contrast 1,3.255125895162568e-8,6.149992493506934e-4,0.31456556987933454,99993,6.150350557355402e-4,5.8218445457497126e-5,26581304.579272,2655347105.675634,99969.89530422042,0.26595865841558003,0.36317248134308905,0.024799900317048457,"1.37 	 (1.30, 1.44)",1.3046811199873167,1.4378838459910135,P2,Hypertension
Contrast 2,1.274575456518862e-7,4.4028914113205695e-4,0.2530122531828873,99993,4.4042934443227404e-4,3.183332400292285e-4,893230.3663253874,88813406.95981874,99846.79239581588,0.2118796476712415,0.29414485869453305,0.020986408564408397,"1.29 	 (1.24, 1.34)",1.2359991207540904,1.3419782868103063,P2,Hypertension
Contrast 3,1.2154119181027176e-7,0.0010254152929545074,-0.06155331669644725,99993,0.0010255489882654988,1.303646266741646e-4,5308129.149963629,529569517.61205554,99959.09339228111,-0.1243195833134356,0.0012129499205410857,0.032024193795714806,"0.94 	 (0.88, 1.00)",0.883097572532709,1.001213685841811,P2,Hypertension
