iv,B_D,W_D,theta_D,dfcom,T_D,gamma_D,nu,nu2,nu_improved,L,U,sqrt_T_D,RR,lci,uci,model,outcome
Contrast 1,1.9928154168081745e-7,0.006352312149769237,0.7353210057189377,99993,0.006352531359465086,3.450745591712557e-5,75628648.4104211,7558169474.4429455,99969.89530422042,0.5791064493153523,0.891535562122523,0.07970276883186107,"2.09 	 (1.78, 2.44)",1.7844432276910007,2.4388718165741414,P2,Diabetes
Contrast 2,2.396597920656524e-6,0.005333035187921777,0.723845317933191,99993,0.005335671445634499,4.940817176588133e-4,371962.1628907048,36867606.304589525,99671.40468726406,0.5806784101472882,0.8670122257190938,0.07304568054056652,"2.06 	 (1.79, 2.38)",1.7872505084413561,2.3797899457950256,P2,Diabetes
Contrast 3,3.2133899076292476e-6,0.011274032762169144,-0.011475687785746692,99993,0.011277567491067536,3.13430081548337e-4,921314.4567832829,91613854.9935796,99850.71299659778,-0.219615814285295,0.19666443871380157,0.10619589206305269,"0.99 	 (0.80, 1.22)",0.8028271734533741,1.2173354815015085,P2,Diabetes
Contrast 1,8.03205129255722e-8,6.150747135335889e-4,0.3144498458394124,99993,6.151630660978071e-4,1.4362462424569866e-4,4374281.523928948,436299483.10514235,99953.73480976498,0.26583787612476256,0.3630618155540622,0.024802481047222012,"1.37 	 (1.30, 1.44)",1.3045235471290555,1.437724730245165,P2,Hypertension
Contrast 2,6.018524615941394e-8,4.401441010559525e-4,0.25306316579760346,99993,4.402103048267279e-4,1.5039123357508393e-4,3989994.7547994773,397921556.0337432,99950.85009839761,0.21194079027375426,0.2941855413214527,0.020981189309158047,"1.29 	 (1.24, 1.34)",1.2360746952674244,1.342032883122836,P2,Hypertension
Contrast 3,2.115010042830889e-7,0.0010253664045566336,-0.06138668004180889,99993,0.001025599055661345,2.268441097202216e-4,1756139.4409420383,174899068.27240714,99911.21072170342,-0.12415447905846605,0.0013811189748482722,0.03202497549821615,"0.94 	 (0.88, 1.00)",0.8832433877365116,1.0013820731588896,P2,Hypertension
